Workbook

Sheet Dashboard
A1: Dashboard OEE · 3 linhas × 3 turnos
A2: Base fictícia de produção, 01/07 a 28/09/2026 · escolha a linha e o mês nas células amarelas
A4: Linha | B4: Todas | C4: Mês | D4: Todos | E4: Meta OEE | F4: 0.85 | H4: =INDEX(Listas!$C$2:$C$5,MATCH(D4,Listas!$B$2:$B$5,0)) -> 0
A6: OEE | B6: Disponibilidade | C6: Performance | D6: Qualidade
A7: =B7*C7*D7 -> 0.70644188 | B7: =IF(SUMPRODUCT(Producao!$D$2:$D$811*((($B$4="Todas")+(Producao!$B$2:$B$811=$B$4))>0)*((($H$4=0)+(Producao!$O$2:$O$811=$H$4))>0))=0,0,SUMPRODUCT(Producao!$I$2:$I$811*((($B$4="Todas")+(Producao!$B$2:$B$811=$B$4))>0)*((($H$4=0)+(Producao!$O$2:$O$811=$H$4))>0))/SUMPRODUCT(Producao!$D$2:$D$811*((($B$4="Todas")+(Producao!$B$2:$B$811=$B$4))>0)*((($H$4=0)+(Producao!$O$2:$O$811=$H$4))>0))) -> 0.82757202 | C7: =IF(SUMPRODUCT(Producao!$J$2:$J$811*((($B$4="Todas")+(Producao!$B$2:$B$811=$B$4))>0)*((($H$4=0)+(Producao!$O$2:$O$811=$H$4))>0))=0,0,SUMPRODUCT(Producao!$F$2:$F$811*((($B$4="Todas")+(Producao!$B$2:$B$811=$B$4))>0)*((($H$4=0)+(Producao!$O$2:$O$811=$H$4))>0))/SUMPRODUCT(Producao!$J$2:$J$811*((($B$4="Todas")+(Producao!$B$2:$B$811=$B$4))>0)*((($H$4=0)+(Producao!$O$2:$O$811=$H$4))>0))) -> 0.88074332 | D7: =IF(SUMPRODUCT(Producao!$F$2:$F$811*((($B$4="Todas")+(Producao!$B$2:$B$811=$B$4))>0)*((($H$4=0)+(Producao!$O$2:$O$811=$H$4))>0))=0,0,SUMPRODUCT(Producao!$G$2:$G$811*((($B$4="Todas")+(Producao!$B$2:$B$811=$B$4))>0)*((($H$4=0)+(Producao!$O$2:$O$811=$H$4))>0))/SUMPRODUCT(Producao!$F$2:$F$811*((($B$4="Todas")+(Producao!$B$2:$B$811=$B$4))>0)*((($H$4=0)+(Producao!$O$2:$O$811=$H$4))>0))) -> 0.96921758
A8: =F4-A7 -> 0.14355812 | B8: =SUMPRODUCT(Producao!$H$2:$H$811*((($B$4="Todas")+(Producao!$B$2:$B$811=$B$4))>0)*((($H$4=0)+(Producao!$O$2:$O$811=$H$4))>0)) -> 67040 | C8: =SUMPRODUCT(Producao!$F$2:$F$811*((($B$4="Todas")+(Producao!$B$2:$B$811=$B$4))>0)*((($H$4=0)+(Producao!$O$2:$O$811=$H$4))>0)) -> 2843279 | D8: =SUMPRODUCT(Producao!$F$2:$F$811*((($B$4="Todas")+(Producao!$B$2:$B$811=$B$4))>0)*((($H$4=0)+(Producao!$O$2:$O$811=$H$4))>0))-SUMPRODUCT(Producao!$G$2:$G$811*((($B$4="Todas")+(Producao!$B$2:$B$811=$B$4))>0)*((($H$4=0)+(Producao!$O$2:$O$811=$H$4))>0)) -> 87523
A11: OEE por linha e turno (filtro de mês)
A12: Linha | B12: Turno A | C12: Turno B | D12: Turno C | E12: Total
A13: Linha 1 | B13: =IF(SUMPRODUCT(Producao!$D$2:$D$811*(Producao!$B$2:$B$811=$A13)*(Producao!$C$2:$C$811="A")*((($H$4=0)+(Producao!$O$2:$O$811=$H$4))>0))=0,0,(SUMPRODUCT(Producao!$I$2:$I$811*(Producao!$B$2:$B$811=$A13)*(Producao!$C$2:$C$811="A")*((($H$4=0)+(Producao!$O$2:$O$811=$H$4))>0))/SUMPRODUCT(Producao!$D$2:$D$811*(Producao!$B$2:$B$811=$A13)*(Producao!$C$2:$C$811="A")*((($H$4=0)+(Producao!$O$2:$O$811=$H$4))>0)))*(SUMPRODUCT(Producao!$F$2:$F$811*(Producao!$B$2:$B$811=$A13)*(Producao!$C$2:$C$811="A")*((($H$4=0)+(Producao!$O$2:$O$811=$H$4))>0))/SUMPRODUCT(Producao!$J$2:$J$811*(Producao!$B$2:$B$811=$A13)*(Producao!$C$2:$C$811="A")*((($H$4=0)+(Producao!$O$2:$O$811=$H$4))>0)))*(SUMPRODUCT(Producao!$G$2:$G$811*(Producao!$B$2:$B$811=$A13)*(Producao!$C$2:$C$811="A")*((($H$4=0)+(Producao!$O$2:$O$811=$H$4))>0))/SUMPRODUCT(Producao!$F$2:$F$811*(Producao!$B$2:$B$811=$A13)*(Producao!$C$2:$C$811="A")*((($H$4=0)+(Producao!$O$2:$O$811=$H$4))>0)))) -> 0.76639853 | C13: =IF(SUMPRODUCT(Producao!$D$2:$D$811*(Producao!$B$2:$B$811=$A13)*(Producao!$C$2:$C$811="B")*((($H$4=0)+(Producao!$O$2:$O$811=$H$4))>0))=0,0,(SUMPRODUCT(Producao!$I$2:$I$811*(Producao!$B$2:$B$811=$A13)*(Producao!$C$2:$C$811="B")*((($H$4=0)+(Producao!$O$2:$O$811=$H$4))>0))/SUMPRODUCT(Producao!$D$2:$D$811*(Producao!$B$2:$B$811=$A13)*(Producao!$C$2:$C$811="B")*((($H$4=0)+(Producao!$O$2:$O$811=$H$4))>0)))*(SUMPRODUCT(Producao!$F$2:$F$811*(Producao!$B$2:$B$811=$A13)*(Producao!$C$2:$C$811="B")*((($H$4=0)+(Producao!$O$2:$O$811=$H$4))>0))/SUMPRODUCT(Producao!$J$2:$J$811*(Producao!$B$2:$B$811=$A13)*(Producao!$C$2:$C$811="B")*((($H$4=0)+(Producao!$O$2:$O$811=$H$4))>0)))*(SUMPRODUCT(Producao!$G$2:$G$811*(Producao!$B$2:$B$811=$A13)*(Producao!$C$2:$C$811="B")*((($H$4=0)+(Producao!$O$2:$O$811=$H$4))>0))/SUMPRODUCT(Producao!$F$2:$F$811*(Producao!$B$2:$B$811=$A13)*(Producao!$C$2:$C$811="B")*((($H$4=0)+(Producao!$O$2:$O$811=$H$4))>0)))) -> 0.74516782 | D13: =IF(SUMPRODUCT(Producao!$D$2:$D$811*(Producao!$B$2:$B$811=$A13)*(Producao!$C$2:$C$811="C")*((($H$4=0)+(Producao!$O$2:$O$811=$H$4))>0))=0,0,(SUMPRODUCT(Producao!$I$2:$I$811*(Producao!$B$2:$B$811=$A13)*(Producao!$C$2:$C$811="C")*((($H$4=0)+(Producao!$O$2:$O$811=$H$4))>0))/SUMPRODUCT(Producao!$D$2:$D$811*(Producao!$B$2:$B$811=$A13)*(Producao!$C$2:$C$811="C")*((($H$4=0)+(Producao!$O$2:$O$811=$H$4))>0)))*(SUMPRODUCT(Producao!$F$2:$F$811*(Producao!$B$2:$B$811=$A13)*(Producao!$C$2:$C$811="C")*((($H$4=0)+(Producao!$O$2:$O$811=$H$4))>0))/SUMPRODUCT(Producao!$J$2:$J$811*(Producao!$B$2:$B$811=$A13)*(Producao!$C$2:$C$811="C")*((($H$4=0)+(Producao!$O$2:$O$811=$H$4))>0)))*(SUMPRODUCT(Producao!$G$2:$G$811*(Producao!$B$2:$B$811=$A13)*(Producao!$C$2:$C$811="C")*((($H$4=0)+(Producao!$O$2:$O$811=$H$4))>0))/SUMPRODUCT(Producao!$F$2:$F$811*(Producao!$B$2:$B$811=$A13)*(Producao!$C$2:$C$811="C")*((($H$4=0)+(Producao!$O$2:$O$811=$H$4))>0)))) -> 0.71680363 | E13: =IF(SUMPRODUCT(Producao!$D$2:$D$811*(Producao!$B$2:$B$811=$A13)*((($H$4=0)+(Producao!$O$2:$O$811=$H$4))>0))=0,0,(SUMPRODUCT(Producao!$I$2:$I$811*(Producao!$B$2:$B$811=$A13)*((($H$4=0)+(Producao!$O$2:$O$811=$H$4))>0))/SUMPRODUCT(Producao!$D$2:$D$811*(Producao!$B$2:$B$811=$A13)*((($H$4=0)+(Producao!$O$2:$O$811=$H$4))>0)))*(SUMPRODUCT(Producao!$F$2:$F$811*(Producao!$B$2:$B$811=$A13)*((($H$4=0)+(Producao!$O$2:$O$811=$H$4))>0))/SUMPRODUCT(Producao!$J$2:$J$811*(Producao!$B$2:$B$811=$A13)*((($H$4=0)+(Producao!$O$2:$O$811=$H$4))>0)))*(SUMPRODUCT(Producao!$G$2:$G$811*(Producao!$B$2:$B$811=$A13)*((($H$4=0)+(Producao!$O$2:$O$811=$H$4))>0))/SUMPRODUCT(Producao!$F$2:$F$811*(Producao!$B$2:$B$811=$A13)*((($H$4=0)+(Producao!$O$2:$O$811=$H$4))>0)))) -> 0.74278999
A14: Linha 2 | B14: =IF(SUMPRODUCT(Producao!$D$2:$D$811*(Producao!$B$2:$B$811=$A14)*(Producao!$C$2:$C$811="A")*((($H$4=0)+(Producao!$O$2:$O$811=$H$4))>0))=0,0,(SUMPRODUCT(Producao!$I$2:$I$811*(Producao!$B$2:$B$811=$A14)*(Producao!$C$2:$C$811="A")*((($H$4=0)+(Producao!$O$2:$O$811=$H$4))>0))/SUMPRODUCT(Producao!$D$2:$D$811*(Producao!$B$2:$B$811=$A14)*(Producao!$C$2:$C$811="A")*((($H$4=0)+(Producao!$O$2:$O$811=$H$4))>0)))*(SUMPRODUCT(Producao!$F$2:$F$811*(Producao!$B$2:$B$811=$A14)*(Producao!$C$2:$C$811="A")*((($H$4=0)+(Producao!$O$2:$O$811=$H$4))>0))/SUMPRODUCT(Producao!$J$2:$J$811*(Producao!$B$2:$B$811=$A14)*(Producao!$C$2:$C$811="A")*((($H$4=0)+(Producao!$O$2:$O$811=$H$4))>0)))*(SUMPRODUCT(Producao!$G$2:$G$811*(Producao!$B$2:$B$811=$A14)*(Producao!$C$2:$C$811="A")*((($H$4=0)+(Producao!$O$2:$O$811=$H$4))>0))/SUMPRODUCT(Producao!$F$2:$F$811*(Producao!$B$2:$B$811=$A14)*(Producao!$C$2:$C$811="A")*((($H$4=0)+(Producao!$O$2:$O$811=$H$4))>0)))) -> 0.69283565 | C14: =IF(SUMPRODUCT(Producao!$D$2:$D$811*(Producao!$B$2:$B$811=$A14)*(Producao!$C$2:$C$811="B")*((($H$4=0)+(Producao!$O$2:$O$811=$H$4))>0))=0,0,(SUMPRODUCT(Producao!$I$2:$I$811*(Producao!$B$2:$B$811=$A14)*(Producao!$C$2:$C$811="B")*((($H$4=0)+(Producao!$O$2:$O$811=$H$4))>0))/SUMPRODUCT(Producao!$D$2:$D$811*(Producao!$B$2:$B$811=$A14)*(Producao!$C$2:$C$811="B")*((($H$4=0)+(Producao!$O$2:$O$811=$H$4))>0)))*(SUMPRODUCT(Producao!$F$2:$F$811*(Producao!$B$2:$B$811=$A14)*(Producao!$C$2:$C$811="B")*((($H$4=0)+(Producao!$O$2:$O$811=$H$4))>0))/SUMPRODUCT(Producao!$J$2:$J$811*(Producao!$B$2:$B$811=$A14)*(Producao!$C$2:$C$811="B")*((($H$4=0)+(Producao!$O$2:$O$811=$H$4))>0)))*(SUMPRODUCT(Producao!$G$2:$G$811*(Producao!$B$2:$B$811=$A14)*(Producao!$C$2:$C$811="B")*((($H$4=0)+(Producao!$O$2:$O$811=$H$4))>0))/SUMPRODUCT(Producao!$F$2:$F$811*(Producao!$B$2:$B$811=$A14)*(Producao!$C$2:$C$811="B")*((($H$4=0)+(Producao!$O$2:$O$811=$H$4))>0)))) -> 0.68375 | D14: =IF(SUMPRODUCT(Producao!$D$2:$D$811*(Producao!$B$2:$B$811=$A14)*(Producao!$C$2:$C$811="C")*((($H$4=0)+(Producao!$O$2:$O$811=$H$4))>0))=0,0,(SUMPRODUCT(Producao!$I$2:$I$811*(Producao!$B$2:$B$811=$A14)*(Producao!$C$2:$C$811="C")*((($H$4=0)+(Producao!$O$2:$O$811=$H$4))>0))/SUMPRODUCT(Producao!$D$2:$D$811*(Producao!$B$2:$B$811=$A14)*(Producao!$C$2:$C$811="C")*((($H$4=0)+(Producao!$O$2:$O$811=$H$4))>0)))*(SUMPRODUCT(Producao!$F$2:$F$811*(Producao!$B$2:$B$811=$A14)*(Producao!$C$2:$C$811="C")*((($H$4=0)+(Producao!$O$2:$O$811=$H$4))>0))/SUMPRODUCT(Producao!$J$2:$J$811*(Producao!$B$2:$B$811=$A14)*(Producao!$C$2:$C$811="C")*((($H$4=0)+(Producao!$O$2:$O$811=$H$4))>0)))*(SUMPRODUCT(Producao!$G$2:$G$811*(Producao!$B$2:$B$811=$A14)*(Producao!$C$2:$C$811="C")*((($H$4=0)+(Producao!$O$2:$O$811=$H$4))>0))/SUMPRODUCT(Producao!$F$2:$F$811*(Producao!$B$2:$B$811=$A14)*(Producao!$C$2:$C$811="C")*((($H$4=0)+(Producao!$O$2:$O$811=$H$4))>0)))) -> 0.63771528 | E14: =IF(SUMPRODUCT(Producao!$D$2:$D$811*(Producao!$B$2:$B$811=$A14)*((($H$4=0)+(Producao!$O$2:$O$811=$H$4))>0))=0,0,(SUMPRODUCT(Producao!$I$2:$I$811*(Producao!$B$2:$B$811=$A14)*((($H$4=0)+(Producao!$O$2:$O$811=$H$4))>0))/SUMPRODUCT(Producao!$D$2:$D$811*(Producao!$B$2:$B$811=$A14)*((($H$4=0)+(Producao!$O$2:$O$811=$H$4))>0)))*(SUMPRODUCT(Producao!$F$2:$F$811*(Producao!$B$2:$B$811=$A14)*((($H$4=0)+(Producao!$O$2:$O$811=$H$4))>0))/SUMPRODUCT(Producao!$J$2:$J$811*(Producao!$B$2:$B$811=$A14)*((($H$4=0)+(Producao!$O$2:$O$811=$H$4))>0)))*(SUMPRODUCT(Producao!$G$2:$G$811*(Producao!$B$2:$B$811=$A14)*((($H$4=0)+(Producao!$O$2:$O$811=$H$4))>0))/SUMPRODUCT(Producao!$F$2:$F$811*(Producao!$B$2:$B$811=$A14)*((($H$4=0)+(Producao!$O$2:$O$811=$H$4))>0)))) -> 0.67143364
A15: Linha 3 | B15: =IF(SUMPRODUCT(Producao!$D$2:$D$811*(Producao!$B$2:$B$811=$A15)*(Producao!$C$2:$C$811="A")*((($H$4=0)+(Producao!$O$2:$O$811=$H$4))>0))=0,0,(SUMPRODUCT(Producao!$I$2:$I$811*(Producao!$B$2:$B$811=$A15)*(Producao!$C$2:$C$811="A")*((($H$4=0)+(Producao!$O$2:$O$811=$H$4))>0))/SUMPRODUCT(Producao!$D$2:$D$811*(Producao!$B$2:$B$811=$A15)*(Producao!$C$2:$C$811="A")*((($H$4=0)+(Producao!$O$2:$O$811=$H$4))>0)))*(SUMPRODUCT(Producao!$F$2:$F$811*(Producao!$B$2:$B$811=$A15)*(Producao!$C$2:$C$811="A")*((($H$4=0)+(Producao!$O$2:$O$811=$H$4))>0))/SUMPRODUCT(Producao!$J$2:$J$811*(Producao!$B$2:$B$811=$A15)*(Producao!$C$2:$C$811="A")*((($H$4=0)+(Producao!$O$2:$O$811=$H$4))>0)))*(SUMPRODUCT(Producao!$G$2:$G$811*(Producao!$B$2:$B$811=$A15)*(Producao!$C$2:$C$811="A")*((($H$4=0)+(Producao!$O$2:$O$811=$H$4))>0))/SUMPRODUCT(Producao!$F$2:$F$811*(Producao!$B$2:$B$811=$A15)*(Producao!$C$2:$C$811="A")*((($H$4=0)+(Producao!$O$2:$O$811=$H$4))>0)))) -> 0.71701678 | C15: =IF(SUMPRODUCT(Producao!$D$2:$D$811*(Producao!$B$2:$B$811=$A15)*(Producao!$C$2:$C$811="B")*((($H$4=0)+(Producao!$O$2:$O$811=$H$4))>0))=0,0,(SUMPRODUCT(Producao!$I$2:$I$811*(Producao!$B$2:$B$811=$A15)*(Producao!$C$2:$C$811="B")*((($H$4=0)+(Producao!$O$2:$O$811=$H$4))>0))/SUMPRODUCT(Producao!$D$2:$D$811*(Producao!$B$2:$B$811=$A15)*(Producao!$C$2:$C$811="B")*((($H$4=0)+(Producao!$O$2:$O$811=$H$4))>0)))*(SUMPRODUCT(Producao!$F$2:$F$811*(Producao!$B$2:$B$811=$A15)*(Producao!$C$2:$C$811="B")*((($H$4=0)+(Producao!$O$2:$O$811=$H$4))>0))/SUMPRODUCT(Producao!$J$2:$J$811*(Producao!$B$2:$B$811=$A15)*(Producao!$C$2:$C$811="B")*((($H$4=0)+(Producao!$O$2:$O$811=$H$4))>0)))*(SUMPRODUCT(Producao!$G$2:$G$811*(Producao!$B$2:$B$811=$A15)*(Producao!$C$2:$C$811="B")*((($H$4=0)+(Producao!$O$2:$O$811=$H$4))>0))/SUMPRODUCT(Producao!$F$2:$F$811*(Producao!$B$2:$B$811=$A15)*(Producao!$C$2:$C$811="B")*((($H$4=0)+(Producao!$O$2:$O$811=$H$4))>0)))) -> 0.70030671 | D15: =IF(SUMPRODUCT(Producao!$D$2:$D$811*(Producao!$B$2:$B$811=$A15)*(Producao!$C$2:$C$811="C")*((($H$4=0)+(Producao!$O$2:$O$811=$H$4))>0))=0,0,(SUMPRODUCT(Producao!$I$2:$I$811*(Producao!$B$2:$B$811=$A15)*(Producao!$C$2:$C$811="C")*((($H$4=0)+(Producao!$O$2:$O$811=$H$4))>0))/SUMPRODUCT(Producao!$D$2:$D$811*(Producao!$B$2:$B$811=$A15)*(Producao!$C$2:$C$811="C")*((($H$4=0)+(Producao!$O$2:$O$811=$H$4))>0)))*(SUMPRODUCT(Producao!$F$2:$F$811*(Producao!$B$2:$B$811=$A15)*(Producao!$C$2:$C$811="C")*((($H$4=0)+(Producao!$O$2:$O$811=$H$4))>0))/SUMPRODUCT(Producao!$J$2:$J$811*(Producao!$B$2:$B$811=$A15)*(Producao!$C$2:$C$811="C")*((($H$4=0)+(Producao!$O$2:$O$811=$H$4))>0)))*(SUMPRODUCT(Producao!$G$2:$G$811*(Producao!$B$2:$B$811=$A15)*(Producao!$C$2:$C$811="C")*((($H$4=0)+(Producao!$O$2:$O$811=$H$4))>0))/SUMPRODUCT(Producao!$F$2:$F$811*(Producao!$B$2:$B$811=$A15)*(Producao!$C$2:$C$811="C")*((($H$4=0)+(Producao!$O$2:$O$811=$H$4))>0)))) -> 0.69607639 | E15: =IF(SUMPRODUCT(Producao!$D$2:$D$811*(Producao!$B$2:$B$811=$A15)*((($H$4=0)+(Producao!$O$2:$O$811=$H$4))>0))=0,0,(SUMPRODUCT(Producao!$I$2:$I$811*(Producao!$B$2:$B$811=$A15)*((($H$4=0)+(Producao!$O$2:$O$811=$H$4))>0))/SUMPRODUCT(Producao!$D$2:$D$811*(Producao!$B$2:$B$811=$A15)*((($H$4=0)+(Producao!$O$2:$O$811=$H$4))>0)))*(SUMPRODUCT(Producao!$F$2:$F$811*(Producao!$B$2:$B$811=$A15)*((($H$4=0)+(Producao!$O$2:$O$811=$H$4))>0))/SUMPRODUCT(Producao!$J$2:$J$811*(Producao!$B$2:$B$811=$A15)*((($H$4=0)+(Producao!$O$2:$O$811=$H$4))>0)))*(SUMPRODUCT(Producao!$G$2:$G$811*(Producao!$B$2:$B$811=$A15)*((($H$4=0)+(Producao!$O$2:$O$811=$H$4))>0))/SUMPRODUCT(Producao!$F$2:$F$811*(Producao!$B$2:$B$811=$A15)*((($H$4=0)+(Producao!$O$2:$O$811=$H$4))>0)))) -> 0.70446663
A18: Pareto de paradas (filtros de linha e mês)
A19: Motivo | B19: Minutos | C19: % | D19: % acumulado | T19: Motivo (aux) | U19: Min+desempate (aux)
A20: =INDEX($T$20:$T$26,MATCH(LARGE($U$20:$U$26,1),$U$20:$U$26,0)) -> Setup e troca de ferramenta | B20: =ROUND(LARGE($U$20:$U$26,1),0) -> 23333 | C20: =IF(SUM($B$20:$B$26)=0,0,B20/SUM($B$20:$B$26)) -> 0.34804594 | D20: =IF(SUM($B$20:$B$26)=0,0,SUM($B$20:B20)/SUM($B$20:$B$26)) -> 0.34804594 | T20: Setup e troca de ferramenta | U20: =SUMPRODUCT((Paradas!$D$2:$D$1973=T20)*Paradas!$E$2:$E$1973*((($B$4="Todas")+(Paradas!$B$2:$B$1973=$B$4))>0)*((($H$4=0)+(MONTH(Paradas!$A$2:$A$1973)=$H$4))>0))+ROW()/1000000 -> 23333
A21: =INDEX($T$20:$T$26,MATCH(LARGE($U$20:$U$26,2),$U$20:$U$26,0)) -> Quebra mecânica | B21: =ROUND(LARGE($U$20:$U$26,2),0) -> 13458 | C21: =IF(SUM($B$20:$B$26)=0,0,B21/SUM($B$20:$B$26)) -> 0.20074582 | D21: =IF(SUM($B$20:$B$26)=0,0,SUM($B$20:B21)/SUM($B$20:$B$26)) -> 0.54879177 | T21: Falta de material | U21: =SUMPRODUCT((Paradas!$D$2:$D$1973=T21)*Paradas!$E$2:$E$1973*((($B$4="Todas")+(Paradas!$B$2:$B$1973=$B$4))>0)*((($H$4=0)+(MONTH(Paradas!$A$2:$A$1973)=$H$4))>0))+ROW()/1000000 -> 10527
A22: =INDEX($T$20:$T$26,MATCH(LARGE($U$20:$U$26,3),$U$20:$U$26,0)) -> Falta de material | B22: =ROUND(LARGE($U$20:$U$26,3),0) -> 10527 | C22: =IF(SUM($B$20:$B$26)=0,0,B22/SUM($B$20:$B$26)) -> 0.15702566 | D22: =IF(SUM($B$20:$B$26)=0,0,SUM($B$20:B22)/SUM($B$20:$B$26)) -> 0.70581742 | T22: Quebra mecânica | U22: =SUMPRODUCT((Paradas!$D$2:$D$1973=T22)*Paradas!$E$2:$E$1973*((($B$4="Todas")+(Paradas!$B$2:$B$1973=$B$4))>0)*((($H$4=0)+(MONTH(Paradas!$A$2:$A$1973)=$H$4))>0))+ROW()/1000000 -> 13458
A23: =INDEX($T$20:$T$26,MATCH(LARGE($U$20:$U$26,4),$U$20:$U$26,0)) -> Manutenção preventiva | B23: =ROUND(LARGE($U$20:$U$26,4),0) -> 7322 | C23: =IF(SUM($B$20:$B$26)=0,0,B23/SUM($B$20:$B$26)) -> 0.10921838 | D23: =IF(SUM($B$20:$B$26)=0,0,SUM($B$20:B23)/SUM($B$20:$B$26)) -> 0.8150358 | T23: Ajuste de qualidade | U23: =SUMPRODUCT((Paradas!$D$2:$D$1973=T23)*Paradas!$E$2:$E$1973*((($B$4="Todas")+(Paradas!$B$2:$B$1973=$B$4))>0)*((($H$4=0)+(MONTH(Paradas!$A$2:$A$1973)=$H$4))>0))+ROW()/1000000 -> 4986
A24: =INDEX($T$20:$T$26,MATCH(LARGE($U$20:$U$26,5),$U$20:$U$26,0)) -> Falta de operador | B24: =ROUND(LARGE($U$20:$U$26,5),0) -> 5970 | C24: =IF(SUM($B$20:$B$26)=0,0,B24/SUM($B$20:$B$26)) -> 0.089051313 | D24: =IF(SUM($B$20:$B$26)=0,0,SUM($B$20:B24)/SUM($B$20:$B$26)) -> 0.90408711 | T24: Falta de operador | U24: =SUMPRODUCT((Paradas!$D$2:$D$1973=T24)*Paradas!$E$2:$E$1973*((($B$4="Todas")+(Paradas!$B$2:$B$1973=$B$4))>0)*((($H$4=0)+(MONTH(Paradas!$A$2:$A$1973)=$H$4))>0))+ROW()/1000000 -> 5970
A25: =INDEX($T$20:$T$26,MATCH(LARGE($U$20:$U$26,6),$U$20:$U$26,0)) -> Ajuste de qualidade | B25: =ROUND(LARGE($U$20:$U$26,6),0) -> 4986 | C25: =IF(SUM($B$20:$B$26)=0,0,B25/SUM($B$20:$B$26)) -> 0.074373508 | D25: =IF(SUM($B$20:$B$26)=0,0,SUM($B$20:B25)/SUM($B$20:$B$26)) -> 0.97846062 | T25: Manutenção preventiva | U25: =SUMPRODUCT((Paradas!$D$2:$D$1973=T25)*Paradas!$E$2:$E$1973*((($B$4="Todas")+(Paradas!$B$2:$B$1973=$B$4))>0)*((($H$4=0)+(MONTH(Paradas!$A$2:$A$1973)=$H$4))>0))+ROW()/1000000 -> 7322
A26: =INDEX($T$20:$T$26,MATCH(LARGE($U$20:$U$26,7),$U$20:$U$26,0)) -> Outros | B26: =ROUND(LARGE($U$20:$U$26,7),0) -> 1444 | C26: =IF(SUM($B$20:$B$26)=0,0,B26/SUM($B$20:$B$26)) -> 0.021539379 | D26: =IF(SUM($B$20:$B$26)=0,0,SUM($B$20:B26)/SUM($B$20:$B$26)) -> 1 | T26: Outros | U26: =SUMPRODUCT((Paradas!$D$2:$D$1973=T26)*Paradas!$E$2:$E$1973*((($B$4="Todas")+(Paradas!$B$2:$B$1973=$B$4))>0)*((($H$4=0)+(MONTH(Paradas!$A$2:$A$1973)=$H$4))>0))+ROW()/1000000 -> 1444
A29: OEE por semana (filtro de linha)
A30: Semana | B30: OEE | C30: Meta
A31: S1 | B31: =IF(SUMPRODUCT(Producao!$D$2:$D$811*(Producao!$P$2:$P$811=1)*((($B$4="Todas")+(Producao!$B$2:$B$811=$B$4))>0))=0,0,(SUMPRODUCT(Producao!$I$2:$I$811*(Producao!$P$2:$P$811=1)*((($B$4="Todas")+(Producao!$B$2:$B$811=$B$4))>0))/SUMPRODUCT(Producao!$D$2:$D$811*(Producao!$P$2:$P$811=1)*((($B$4="Todas")+(Producao!$B$2:$B$811=$B$4))>0)))*(SUMPRODUCT(Producao!$F$2:$F$811*(Producao!$P$2:$P$811=1)*((($B$4="Todas")+(Producao!$B$2:$B$811=$B$4))>0))/SUMPRODUCT(Producao!$J$2:$J$811*(Producao!$P$2:$P$811=1)*((($B$4="Todas")+(Producao!$B$2:$B$811=$B$4))>0)))*(SUMPRODUCT(Producao!$G$2:$G$811*(Producao!$P$2:$P$811=1)*((($B$4="Todas")+(Producao!$B$2:$B$811=$B$4))>0))/SUMPRODUCT(Producao!$F$2:$F$811*(Producao!$P$2:$P$811=1)*((($B$4="Todas")+(Producao!$B$2:$B$811=$B$4))>0)))) -> 0.69782603 | C31: =$F$4 -> 0.85
A32: S2 | B32: =IF(SUMPRODUCT(Producao!$D$2:$D$811*(Producao!$P$2:$P$811=2)*((($B$4="Todas")+(Producao!$B$2:$B$811=$B$4))>0))=0,0,(SUMPRODUCT(Producao!$I$2:$I$811*(Producao!$P$2:$P$811=2)*((($B$4="Todas")+(Producao!$B$2:$B$811=$B$4))>0))/SUMPRODUCT(Producao!$D$2:$D$811*(Producao!$P$2:$P$811=2)*((($B$4="Todas")+(Producao!$B$2:$B$811=$B$4))>0)))*(SUMPRODUCT(Producao!$F$2:$F$811*(Producao!$P$2:$P$811=2)*((($B$4="Todas")+(Producao!$B$2:$B$811=$B$4))>0))/SUMPRODUCT(Producao!$J$2:$J$811*(Producao!$P$2:$P$811=2)*((($B$4="Todas")+(Producao!$B$2:$B$811=$B$4))>0)))*(SUMPRODUCT(Producao!$G$2:$G$811*(Producao!$P$2:$P$811=2)*((($B$4="Todas")+(Producao!$B$2:$B$811=$B$4))>0))/SUMPRODUCT(Producao!$F$2:$F$811*(Producao!$P$2:$P$811=2)*((($B$4="Todas")+(Producao!$B$2:$B$811=$B$4))>0)))) -> 0.747225 | C32: =$F$4 -> 0.85
A33: S3 | B33: =IF(SUMPRODUCT(Producao!$D$2:$D$811*(Producao!$P$2:$P$811=3)*((($B$4="Todas")+(Producao!$B$2:$B$811=$B$4))>0))=0,0,(SUMPRODUCT(Producao!$I$2:$I$811*(Producao!$P$2:$P$811=3)*((($B$4="Todas")+(Producao!$B$2:$B$811=$B$4))>0))/SUMPRODUCT(Producao!$D$2:$D$811*(Producao!$P$2:$P$811=3)*((($B$4="Todas")+(Producao!$B$2:$B$811=$B$4))>0)))*(SUMPRODUCT(Producao!$F$2:$F$811*(Producao!$P$2:$P$811=3)*((($B$4="Todas")+(Producao!$B$2:$B$811=$B$4))>0))/SUMPRODUCT(Producao!$J$2:$J$811*(Producao!$P$2:$P$811=3)*((($B$4="Todas")+(Producao!$B$2:$B$811=$B$4))>0)))*(SUMPRODUCT(Producao!$G$2:$G$811*(Producao!$P$2:$P$811=3)*((($B$4="Todas")+(Producao!$B$2:$B$811=$B$4))>0))/SUMPRODUCT(Producao!$F$2:$F$811*(Producao!$P$2:$P$811=3)*((($B$4="Todas")+(Producao!$B$2:$B$811=$B$4))>0)))) -> 0.71386989 | C33: =$F$4 -> 0.85
A34: S4 | B34: =IF(SUMPRODUCT(Producao!$D$2:$D$811*(Producao!$P$2:$P$811=4)*((($B$4="Todas")+(Producao!$B$2:$B$811=$B$4))>0))=0,0,(SUMPRODUCT(Producao!$I$2:$I$811*(Producao!$P$2:$P$811=4)*((($B$4="Todas")+(Producao!$B$2:$B$811=$B$4))>0))/SUMPRODUCT(Producao!$D$2:$D$811*(Producao!$P$2:$P$811=4)*((($B$4="Todas")+(Producao!$B$2:$B$811=$B$4))>0)))*(SUMPRODUCT(Producao!$F$2:$F$811*(Producao!$P$2:$P$811=4)*((($B$4="Todas")+(Producao!$B$2:$B$811=$B$4))>0))/SUMPRODUCT(Producao!$J$2:$J$811*(Producao!$P$2:$P$811=4)*((($B$4="Todas")+(Producao!$B$2:$B$811=$B$4))>0)))*(SUMPRODUCT(Producao!$G$2:$G$811*(Producao!$P$2:$P$811=4)*((($B$4="Todas")+(Producao!$B$2:$B$811=$B$4))>0))/SUMPRODUCT(Producao!$F$2:$F$811*(Producao!$P$2:$P$811=4)*((($B$4="Todas")+(Producao!$B$2:$B$811=$B$4))>0)))) -> 0.69203687 | C34: =$F$4 -> 0.85
A35: S5 | B35: =IF(SUMPRODUCT(Producao!$D$2:$D$811*(Producao!$P$2:$P$811=5)*((($B$4="Todas")+(Producao!$B$2:$B$811=$B$4))>0))=0,0,(SUMPRODUCT(Producao!$I$2:$I$811*(Producao!$P$2:$P$811=5)*((($B$4="Todas")+(Producao!$B$2:$B$811=$B$4))>0))/SUMPRODUCT(Producao!$D$2:$D$811*(Producao!$P$2:$P$811=5)*((($B$4="Todas")+(Producao!$B$2:$B$811=$B$4))>0)))*(SUMPRODUCT(Producao!$F$2:$F$811*(Producao!$P$2:$P$811=5)*((($B$4="Todas")+(Producao!$B$2:$B$811=$B$4))>0))/SUMPRODUCT(Producao!$J$2:$J$811*(Producao!$P$2:$P$811=5)*((($B$4="Todas")+(Producao!$B$2:$B$811=$B$4))>0)))*(SUMPRODUCT(Producao!$G$2:$G$811*(Producao!$P$2:$P$811=5)*((($B$4="Todas")+(Producao!$B$2:$B$811=$B$4))>0))/SUMPRODUCT(Producao!$F$2:$F$811*(Producao!$P$2:$P$811=5)*((($B$4="Todas")+(Producao!$B$2:$B$811=$B$4))>0)))) -> 0.69458529 | C35: =$F$4 -> 0.85
A36: S6 | B36: =IF(SUMPRODUCT(Producao!$D$2:$D$811*(Producao!$P$2:$P$811=6)*((($B$4="Todas")+(Producao!$B$2:$B$811=$B$4))>0))=0,0,(SUMPRODUCT(Producao!$I$2:$I$811*(Producao!$P$2:$P$811=6)*((($B$4="Todas")+(Producao!$B$2:$B$811=$B$4))>0))/SUMPRODUCT(Producao!$D$2:$D$811*(Producao!$P$2:$P$811=6)*((($B$4="Todas")+(Producao!$B$2:$B$811=$B$4))>0)))*(SUMPRODUCT(Producao!$F$2:$F$811*(Producao!$P$2:$P$811=6)*((($B$4="Todas")+(Producao!$B$2:$B$811=$B$4))>0))/SUMPRODUCT(Producao!$J$2:$J$811*(Producao!$P$2:$P$811=6)*((($B$4="Todas")+(Producao!$B$2:$B$811=$B$4))>0)))*(SUMPRODUCT(Producao!$G$2:$G$811*(Producao!$P$2:$P$811=6)*((($B$4="Todas")+(Producao!$B$2:$B$811=$B$4))>0))/SUMPRODUCT(Producao!$F$2:$F$811*(Producao!$P$2:$P$811=6)*((($B$4="Todas")+(Producao!$B$2:$B$811=$B$4))>0)))) -> 0.70046575 | C36: =$F$4 -> 0.85
A37: S7 | B37: =IF(SUMPRODUCT(Producao!$D$2:$D$811*(Producao!$P$2:$P$811=7)*((($B$4="Todas")+(Producao!$B$2:$B$811=$B$4))>0))=0,0,(SUMPRODUCT(Producao!$I$2:$I$811*(Producao!$P$2:$P$811=7)*((($B$4="Todas")+(Producao!$B$2:$B$811=$B$4))>0))/SUMPRODUCT(Producao!$D$2:$D$811*(Producao!$P$2:$P$811=7)*((($B$4="Todas")+(Producao!$B$2:$B$811=$B$4))>0)))*(SUMPRODUCT(Producao!$F$2:$F$811*(Producao!$P$2:$P$811=7)*((($B$4="Todas")+(Producao!$B$2:$B$811=$B$4))>0))/SUMPRODUCT(Producao!$J$2:$J$811*(Producao!$P$2:$P$811=7)*((($B$4="Todas")+(Producao!$B$2:$B$811=$B$4))>0)))*(SUMPRODUCT(Producao!$G$2:$G$811*(Producao!$P$2:$P$811=7)*((($B$4="Todas")+(Producao!$B$2:$B$811=$B$4))>0))/SUMPRODUCT(Producao!$F$2:$F$811*(Producao!$P$2:$P$811=7)*((($B$4="Todas")+(Producao!$B$2:$B$811=$B$4))>0)))) -> 0.70924725 | C37: =$F$4 -> 0.85
A38: S8 | B38: =IF(SUMPRODUCT(Producao!$D$2:$D$811*(Producao!$P$2:$P$811=8)*((($B$4="Todas")+(Producao!$B$2:$B$811=$B$4))>0))=0,0,(SUMPRODUCT(Producao!$I$2:$I$811*(Producao!$P$2:$P$811=8)*((($B$4="Todas")+(Producao!$B$2:$B$811=$B$4))>0))/SUMPRODUCT(Producao!$D$2:$D$811*(Producao!$P$2:$P$811=8)*((($B$4="Todas")+(Producao!$B$2:$B$811=$B$4))>0)))*(SUMPRODUCT(Producao!$F$2:$F$811*(Producao!$P$2:$P$811=8)*((($B$4="Todas")+(Producao!$B$2:$B$811=$B$4))>0))/SUMPRODUCT(Producao!$J$2:$J$811*(Producao!$P$2:$P$811=8)*((($B$4="Todas")+(Producao!$B$2:$B$811=$B$4))>0)))*(SUMPRODUCT(Producao!$G$2:$G$811*(Producao!$P$2:$P$811=8)*((($B$4="Todas")+(Producao!$B$2:$B$811=$B$4))>0))/SUMPRODUCT(Producao!$F$2:$F$811*(Producao!$P$2:$P$811=8)*((($B$4="Todas")+(Producao!$B$2:$B$811=$B$4))>0)))) -> 0.70033759 | C38: =$F$4 -> 0.85
A39: S9 | B39: =IF(SUMPRODUCT(Producao!$D$2:$D$811*(Producao!$P$2:$P$811=9)*((($B$4="Todas")+(Producao!$B$2:$B$811=$B$4))>0))=0,0,(SUMPRODUCT(Producao!$I$2:$I$811*(Producao!$P$2:$P$811=9)*((($B$4="Todas")+(Producao!$B$2:$B$811=$B$4))>0))/SUMPRODUCT(Producao!$D$2:$D$811*(Producao!$P$2:$P$811=9)*((($B$4="Todas")+(Producao!$B$2:$B$811=$B$4))>0)))*(SUMPRODUCT(Producao!$F$2:$F$811*(Producao!$P$2:$P$811=9)*((($B$4="Todas")+(Producao!$B$2:$B$811=$B$4))>0))/SUMPRODUCT(Producao!$J$2:$J$811*(Producao!$P$2:$P$811=9)*((($B$4="Todas")+(Producao!$B$2:$B$811=$B$4))>0)))*(SUMPRODUCT(Producao!$G$2:$G$811*(Producao!$P$2:$P$811=9)*((($B$4="Todas")+(Producao!$B$2:$B$811=$B$4))>0))/SUMPRODUCT(Producao!$F$2:$F$811*(Producao!$P$2:$P$811=9)*((($B$4="Todas")+(Producao!$B$2:$B$811=$B$4))>0)))) -> 0.71468696 | C39: =$F$4 -> 0.85
A40: S10 | B40: =IF(SUMPRODUCT(Producao!$D$2:$D$811*(Producao!$P$2:$P$811=10)*((($B$4="Todas")+(Producao!$B$2:$B$811=$B$4))>0))=0,0,(SUMPRODUCT(Producao!$I$2:$I$811*(Producao!$P$2:$P$811=10)*((($B$4="Todas")+(Producao!$B$2:$B$811=$B$4))>0))/SUMPRODUCT(Producao!$D$2:$D$811*(Producao!$P$2:$P$811=10)*((($B$4="Todas")+(Producao!$B$2:$B$811=$B$4))>0)))*(SUMPRODUCT(Producao!$F$2:$F$811*(Producao!$P$2:$P$811=10)*((($B$4="Todas")+(Producao!$B$2:$B$811=$B$4))>0))/SUMPRODUCT(Producao!$J$2:$J$811*(Producao!$P$2:$P$811=10)*((($B$4="Todas")+(Producao!$B$2:$B$811=$B$4))>0)))*(SUMPRODUCT(Producao!$G$2:$G$811*(Producao!$P$2:$P$811=10)*((($B$4="Todas")+(Producao!$B$2:$B$811=$B$4))>0))/SUMPRODUCT(Producao!$F$2:$F$811*(Producao!$P$2:$P$811=10)*((($B$4="Todas")+(Producao!$B$2:$B$811=$B$4))>0)))) -> 0.700034 | C40: =$F$4 -> 0.85
A41: S11 | B41: =IF(SUMPRODUCT(Producao!$D$2:$D$811*(Producao!$P$2:$P$811=11)*((($B$4="Todas")+(Producao!$B$2:$B$811=$B$4))>0))=0,0,(SUMPRODUCT(Producao!$I$2:$I$811*(Producao!$P$2:$P$811=11)*((($B$4="Todas")+(Producao!$B$2:$B$811=$B$4))>0))/SUMPRODUCT(Producao!$D$2:$D$811*(Producao!$P$2:$P$811=11)*((($B$4="Todas")+(Producao!$B$2:$B$811=$B$4))>0)))*(SUMPRODUCT(Producao!$F$2:$F$811*(Producao!$P$2:$P$811=11)*((($B$4="Todas")+(Producao!$B$2:$B$811=$B$4))>0))/SUMPRODUCT(Producao!$J$2:$J$811*(Producao!$P$2:$P$811=11)*((($B$4="Todas")+(Producao!$B$2:$B$811=$B$4))>0)))*(SUMPRODUCT(Producao!$G$2:$G$811*(Producao!$P$2:$P$811=11)*((($B$4="Todas")+(Producao!$B$2:$B$811=$B$4))>0))/SUMPRODUCT(Producao!$F$2:$F$811*(Producao!$P$2:$P$811=11)*((($B$4="Todas")+(Producao!$B$2:$B$811=$B$4))>0)))) -> 0.68313702 | C41: =$F$4 -> 0.85
A42: S12 | B42: =IF(SUMPRODUCT(Producao!$D$2:$D$811*(Producao!$P$2:$P$811=12)*((($B$4="Todas")+(Producao!$B$2:$B$811=$B$4))>0))=0,0,(SUMPRODUCT(Producao!$I$2:$I$811*(Producao!$P$2:$P$811=12)*((($B$4="Todas")+(Producao!$B$2:$B$811=$B$4))>0))/SUMPRODUCT(Producao!$D$2:$D$811*(Producao!$P$2:$P$811=12)*((($B$4="Todas")+(Producao!$B$2:$B$811=$B$4))>0)))*(SUMPRODUCT(Producao!$F$2:$F$811*(Producao!$P$2:$P$811=12)*((($B$4="Todas")+(Producao!$B$2:$B$811=$B$4))>0))/SUMPRODUCT(Producao!$J$2:$J$811*(Producao!$P$2:$P$811=12)*((($B$4="Todas")+(Producao!$B$2:$B$811=$B$4))>0)))*(SUMPRODUCT(Producao!$G$2:$G$811*(Producao!$P$2:$P$811=12)*((($B$4="Todas")+(Producao!$B$2:$B$811=$B$4))>0))/SUMPRODUCT(Producao!$F$2:$F$811*(Producao!$P$2:$P$811=12)*((($B$4="Todas")+(Producao!$B$2:$B$811=$B$4))>0)))) -> 0.71761275 | C42: =$F$4 -> 0.85
A43: S13 | B43: =IF(SUMPRODUCT(Producao!$D$2:$D$811*(Producao!$P$2:$P$811=13)*((($B$4="Todas")+(Producao!$B$2:$B$811=$B$4))>0))=0,0,(SUMPRODUCT(Producao!$I$2:$I$811*(Producao!$P$2:$P$811=13)*((($B$4="Todas")+(Producao!$B$2:$B$811=$B$4))>0))/SUMPRODUCT(Producao!$D$2:$D$811*(Producao!$P$2:$P$811=13)*((($B$4="Todas")+(Producao!$B$2:$B$811=$B$4))>0)))*(SUMPRODUCT(Producao!$F$2:$F$811*(Producao!$P$2:$P$811=13)*((($B$4="Todas")+(Producao!$B$2:$B$811=$B$4))>0))/SUMPRODUCT(Producao!$J$2:$J$811*(Producao!$P$2:$P$811=13)*((($B$4="Todas")+(Producao!$B$2:$B$811=$B$4))>0)))*(SUMPRODUCT(Producao!$G$2:$G$811*(Producao!$P$2:$P$811=13)*((($B$4="Todas")+(Producao!$B$2:$B$811=$B$4))>0))/SUMPRODUCT(Producao!$F$2:$F$811*(Producao!$P$2:$P$811=13)*((($B$4="Todas")+(Producao!$B$2:$B$811=$B$4))>0)))) -> 0.71376287 | C43: =$F$4 -> 0.85

Sheet Leia-me
A1: Dashboard OEE – base fictícia de produção (portfólio)
A3: Empresa e dados fictícios: 3 linhas × 3 turnos × 90 dias (01/07/2026 a 28/09/2026), 810 turnos e 1972 paradas registradas.
A5: Abas:
A6: • Dashboard: escolha a linha e o mês nas células amarelas (B4 e E4). Tudo recalcula: OEE, disponibilidade, performance, qualidade, Pareto de paradas e gráficos.
A7: • Producao: um registro por turno. Colunas em azul são dados de entrada; colunas em preto são fórmulas.
A8: • Paradas: um registro por parada (data, linha, turno, motivo, minutos). É a base do Pareto e das paradas de cada turno.
A9: • Listas: linhas, meses e motivos usados nas validações.
A11: Como o OEE é calculado (agregado, sem média de médias):
A12: Disponibilidade = (tempo planejado − paradas) ÷ tempo planejado
A13: Performance = produção total ÷ (tempo operando × velocidade ideal)
A14: Qualidade = peças boas ÷ produção total
A15: OEE = Disponibilidade × Performance × Qualidade. Referência de classe mundial: 85%.
A17: Para usar com dados reais: apague as linhas das abas Producao e Paradas (a partir da linha 2), cole os dados no mesmo formato e copie as fórmulas das colunas pretas até o fim.

Sheet Producao
A1: Data | B1: Linha | C1: Turno | D1: Tempo_planejado_min | E1: Velocidade_ideal_pc_min | F1: Producao_total | G1: Pecas_boas | H1: Paradas_min | I1: Tempo_operando_min | J1: Capacidade_teorica | K1: Disponibilidade | L1: Performance | M1: Qualidade | N1: OEE | O1: Mes | P1: Semana
A2: 46204 | B2: Linha 1 | C2: A | D2: 480 | E2: 12 | F2: 4127 | G2: 4051 | H2: =SUMIFS(Paradas!$E$2:$E$1973,Paradas!$A$2:$A$1973,A2,Paradas!$B$2:$B$1973,B2,Paradas!$C$2:$C$1973,C2) -> 105 | I2: =D2-H2 -> 375 | J2: =I2*E2 -> 4500 | K2: =IF(D2=0,0,I2/D2) -> 0.78125 | L2: =IF(J2=0,0,F2/J2) -> 0.91711111 | M2: =IF(F2=0,0,G2/F2) -> 0.98158469 | N2: =K2*L2*M2 -> 0.70329861 | O2: =MONTH(A2) -> 7 | P2: =INT((A2-DATE(2026,7,1))/7)+1 -> 1
A3: 46204 | B3: Linha 1 | C3: B | D3: 480 | E3: 12 | F3: 4248 | G3: 4135 | H3: =SUMIFS(Paradas!$E$2:$E$1973,Paradas!$A$2:$A$1973,A3,Paradas!$B$2:$B$1973,B3,Paradas!$C$2:$C$1973,C3) -> 65 | I3: =D3-H3 -> 415 | J3: =I3*E3 -> 4980 | K3: =IF(D3=0,0,I3/D3) -> 0.86458333 | L3: =IF(J3=0,0,F3/J3) -> 0.85301205 | M3: =IF(F3=0,0,G3/F3) -> 0.97339925 | N3: =K3*L3*M3 -> 0.71788194 | O3: =MONTH(A3) -> 7 | P3: =INT((A3-DATE(2026,7,1))/7)+1 -> 1
A4: 46204 | B4: Linha 1 | C4: C | D4: 480 | E4: 12 | F4: 4281 | G4: 4079 | H4: =SUMIFS(Paradas!$E$2:$E$1973,Paradas!$A$2:$A$1973,A4,Paradas!$B$2:$B$1973,B4,Paradas!$C$2:$C$1973,C4) -> 57 | I4: =D4-H4 -> 423 | J4: =I4*E4 -> 5076 | K4: =IF(D4=0,0,I4/D4) -> 0.88125 | L4: =IF(J4=0,0,F4/J4) -> 0.84338061 | M4: =IF(F4=0,0,G4/F4) -> 0.95281476 | N4: =K4*L4*M4 -> 0.70815972 | O4: =MONTH(A4) -> 7 | P4: =INT((A4-DATE(2026,7,1))/7)+1 -> 1
A5: 46204 | B5: Linha 2 | C5: A | D5: 480 | E5: 10 | F5: 2939 | G5: 2810 | H5: =SUMIFS(Paradas!$E$2:$E$1973,Paradas!$A$2:$A$1973,A5,Paradas!$B$2:$B$1973,B5,Paradas!$C$2:$C$1973,C5) -> 152 | I5: =D5-H5 -> 328 | J5: =I5*E5 -> 3280 | K5: =IF(D5=0,0,I5/D5) -> 0.68333333 | L5: =IF(J5=0,0,F5/J5) -> 0.89603659 | M5: =IF(F5=0,0,G5/F5) -> 0.95610752 | N5: =K5*L5*M5 -> 0.58541667 | O5: =MONTH(A5) -> 7 | P5: =INT((A5-DATE(2026,7,1))/7)+1 -> 1
A6: 46204 | B6: Linha 2 | C6: B | D6: 480 | E6: 10 | F6: 2877 | G6: 2767 | H6: =SUMIFS(Paradas!$E$2:$E$1973,Paradas!$A$2:$A$1973,A6,Paradas!$B$2:$B$1973,B6,Paradas!$C$2:$C$1973,C6) -> 158 | I6: =D6-H6 -> 322 | J6: =I6*E6 -> 3220 | K6: =IF(D6=0,0,I6/D6) -> 0.67083333 | L6: =IF(J6=0,0,F6/J6) -> 0.89347826 | M6: =IF(F6=0,0,G6/F6) -> 0.96176573 | N6: =K6*L6*M6 -> 0.57645833 | O6: =MONTH(A6) -> 7 | P6: =INT((A6-DATE(2026,7,1))/7)+1 -> 1
A7: 46204 | B7: Linha 2 | C7: C | D7: 480 | E7: 10 | F7: 2841 | G7: 2704 | H7: =SUMIFS(Paradas!$E$2:$E$1973,Paradas!$A$2:$A$1973,A7,Paradas!$B$2:$B$1973,B7,Paradas!$C$2:$C$1973,C7) -> 155 | I7: =D7-H7 -> 325 | J7: =I7*E7 -> 3250 | K7: =IF(D7=0,0,I7/D7) -> 0.67708333 | L7: =IF(J7=0,0,F7/J7) -> 0.87415385 | M7: =IF(F7=0,0,G7/F7) -> 0.95177754 | N7: =K7*L7*M7 -> 0.56333333 | O7: =MONTH(A7) -> 7 | P7: =INT((A7-DATE(2026,7,1))/7)+1 -> 1
A8: 46204 | B8: Linha 3 | C8: A | D8: 480 | E8: 8 | F8: 3216 | G8: 3137 | H8: =SUMIFS(Paradas!$E$2:$E$1973,Paradas!$A$2:$A$1973,A8,Paradas!$B$2:$B$1973,B8,Paradas!$C$2:$C$1973,C8) -> 28 | I8: =D8-H8 -> 452 | J8: =I8*E8 -> 3616 | K8: =IF(D8=0,0,I8/D8) -> 0.94166667 | L8: =IF(J8=0,0,F8/J8) -> 0.88938053 | M8: =IF(F8=0,0,G8/F8) -> 0.97543532 | N8: =K8*L8*M8 -> 0.81692708 | O8: =MONTH(A8) -> 7 | P8: =INT((A8-DATE(2026,7,1))/7)+1 -> 1
A9: 46204 | B9: Linha 3 | C9: B | D9: 480 | E9: 8 | F9: 1997 | G9: 1948 | H9: =SUMIFS(Paradas!$E$2:$E$1973,Paradas!$A$2:$A$1973,A9,Paradas!$B$2:$B$1973,B9,Paradas!$C$2:$C$1973,C9) -> 188 | I9: =D9-H9 -> 292 | J9: =I9*E9 -> 2336 | K9: =IF(D9=0,0,I9/D9) -> 0.60833333 | L9: =IF(J9=0,0,F9/J9) -> 0.85488014 | M9: =IF(F9=0,0,G9/F9) -> 0.97546319 | N9: =K9*L9*M9 -> 0.50729167 | O9: =MONTH(A9) -> 7 | P9: =INT((A9-DATE(2026,7,1))/7)+1 -> 1
A10: 46204 | B10: Linha 3 | C10: C | D10: 480 | E10: 8 | F10: 2763 | G10: 2691 | H10: =SUMIFS(Paradas!$E$2:$E$1973,Paradas!$A$2:$A$1973,A10,Paradas!$B$2:$B$1973,B10,Paradas!$C$2:$C$1973,C10) -> 63 | I10: =D10-H10 -> 417 | J10: =I10*E10 -> 3336 | K10: =IF(D10=0,0,I10/D10) -> 0.86875 | L10: =IF(J10=0,0,F10/J10) -> 0.82823741 | M10: =IF(F10=0,0,G10/F10) -> 0.97394137 | N10: =K10*L10*M10 -> 0.70078125 | O10: =MONTH(A10) -> 7 | P10: =INT((A10-DATE(2026,7,1))/7)+1 -> 1
A11: 46205 | B11: Linha 1 | C11: A | D11: 480 | E11: 12 | F11: 4071 | G11: 4021 | H11: =SUMIFS(Paradas!$E$2:$E$1973,Paradas!$A$2:$A$1973,A11,Paradas!$B$2:$B$1973,B11,Paradas!$C$2:$C$1973,C11) -> 90 | I11: =D11-H11 -> 390 | J11: =I11*E11 -> 4680 | K11: =IF(D11=0,0,I11/D11) -> 0.8125 | L11: =IF(J11=0,0,F11/J11) -> 0.86987179 | M11: =IF(F11=0,0,G11/F11) -> 0.98771801 | N11: =K11*L11*M11 -> 0.69809028 | O11: =MONTH(A11) -> 7 | P11: =INT((A11-DATE(2026,7,1))/7)+1 -> 1
A12: 46205 | B12: Linha 1 | C12: B | D12: 480 | E12: 12 | F12: 5202 | G12: 5057 | H12: =SUMIFS(Paradas!$E$2:$E$1973,Paradas!$A$2:$A$1973,A12,Paradas!$B$2:$B$1973,B12,Paradas!$C$2:$C$1973,C12) -> 0 | I12: =D12-H12 -> 480 | J12: =I12*E12 -> 5760 | K12: =IF(D12=0,0,I12/D12) -> 1 | L12: =IF(J12=0,0,F12/J12) -> 0.903125 | M12: =IF(F12=0,0,G12/F12) -> 0.97212611 | N12: =K12*L12*M12 -> 0.87795139 | O12: =MONTH(A12) -> 7 | P12: =INT((A12-DATE(2026,7,1))/7)+1 -> 1
A13: 46205 | B13: Linha 1 | C13: C | D13: 480 | E13: 12 | F13: 4765 | G13: 4620 | H13: =SUMIFS(Paradas!$E$2:$E$1973,Paradas!$A$2:$A$1973,A13,Paradas!$B$2:$B$1973,B13,Paradas!$C$2:$C$1973,C13) -> 27 | I13: =D13-H13 -> 453 | J13: =I13*E13 -> 5436 | K13: =IF(D13=0,0,I13/D13) -> 0.94375 | L13: =IF(J13=0,0,F13/J13) -> 0.87656365 | M13: =IF(F13=0,0,G13/F13) -> 0.96956978 | N13: =K13*L13*M13 -> 0.80208333 | O13: =MONTH(A13) -> 7 | P13: =INT((A13-DATE(2026,7,1))/7)+1 -> 1
... A811: 46293 | B811: Linha 3 | C811: C | D811: 480 | E811: 8 | F811: 3280 | G811: 3224 | H811: =SUMIFS(Paradas!$E$2:$E$1973,Paradas!$A$2:$A$1973,A811,Paradas!$B$2:$B$1973,B811,Paradas!$C$2:$C$1973,C811) -> 23 | I811: =D811-H811 -> 457 | J811: =I811*E811 -> 3656 | K811: =IF(D811=0,0,I811/D811) -> 0.95208333 | L811: =IF(J811=0,0,F811/J811) -> 0.89715536 | M811: =IF(F811=0,0,G811/F811) -> 0.98292683 | N811: =K811*L811*M811 -> 0.83958333 | O811: =MONTH(A811) -> 9 | P811: =INT((A811-DATE(2026,7,1))/7)+1 -> 13

Sheet Paradas
A1: Data | B1: Linha | C1: Turno | D1: Motivo | E1: Minutos
A2: 46204 | B2: Linha 1 | C2: A | D2: Falta de material | E2: 14
A3: 46204 | B3: Linha 1 | C3: A | D3: Setup e troca de ferramenta | E3: 68
A4: 46204 | B4: Linha 1 | C4: A | D4: Falta de operador | E4: 23
A5: 46204 | B5: Linha 1 | C5: B | D5: Quebra mecânica | E5: 65
A6: 46204 | B6: Linha 1 | C6: C | D6: Setup e troca de ferramenta | E6: 19
A7: 46204 | B7: Linha 1 | C7: C | D7: Setup e troca de ferramenta | E7: 38
A8: 46204 | B8: Linha 2 | C8: A | D8: Setup e troca de ferramenta | E8: 21
A9: 46204 | B9: Linha 2 | C9: A | D9: Quebra mecânica | E9: 84
A10: 46204 | B10: Linha 2 | C10: A | D10: Setup e troca de ferramenta | E10: 34
A11: 46204 | B11: Linha 2 | C11: A | D11: Ajuste de qualidade | E11: 13
A12: 46204 | B12: Linha 2 | C12: B | D12: Falta de material | E12: 27
A13: 46204 | B13: Linha 2 | C13: B | D13: Falta de operador | E13: 67
... A1973: 46293 | B1973: Linha 3 | C1973: C | D1973: Quebra mecânica | E1973: 23

Sheet Listas
A1: Linha | B1: Mês | C1: Nº do mês | D1: Motivo
A2: Todas | B2: Todos | C2: 0 | D2: Setup e troca de ferramenta
A3: Linha 1 | B3: Julho | C3: 7 | D3: Falta de material
A4: Linha 2 | B4: Agosto | C4: 8 | D4: Quebra mecânica
A5: Linha 3 | B5: Setembro | C5: 9 | D5: Ajuste de qualidade
D6: Falta de operador
D7: Manutenção preventiva
D8: Outros
